Product_ID,ASIN/UPC Key,MI: Brand,MI: Description,Source Category Trx,Source Subcategory Trx,Dollars in USD
1,B0DX7JCTT6,ATAZUA,"BAKUCHIOL RETINOL REJUVENATION SERUM, ANTI-AGING FACE SERUM HYDRATES SKIN, REDUCES WRINKLES & FINE LINES, FIRMS SKIN",FACE SKIN CARE,FACE SERUMS,
2,B0F47VTGSN,ESTINK,"SILICONE PILLOW, FACE MASSAGE PILLOW FACE PILLOW CUSHION PAD SPA BEAUTY SALON SKIN CARE SOFT OVERLAY FACE RELAX WEIGH CUSHION PAD (BLUE)",SALON & SPA EQUIPMENT,PROFESSIONAL MASSAGE EQUIPMENT,
3,B0DYV8BKHY,VILOSA,"VILOSATIBETANSINGINGBOWLSETÂMEDITATIONSOUNDBOWLHANDCRAFTEDINNEPALWITHSTRIKER&2PCCUSHION-ENHANCESYOGA,MEDITATION,PRAYERMINDFULNESS,ANDSTRESSRELIEFUNIQUESPIRITUALGIFTS(5.2)",ALTERNATIVE MEDICINE,SOUND THERAPY & TUNING FORKS,
4,B0CRSR8NZ4,LIQUIDHEALTH,"LIQUIDHEALTH ULTIMATE BARIATRIC LIQUID VITAMIN SUPPLEMENT BUNDLE - DAILY BARIATRIC MULTIVITAMIN WITH IRON, CALCIUM, MAGNESIUM, VEGAN VITAMIN D3 & ORGANIC B12 - BARIATRIC SURGERY MUST HAVES, USA MADE",MULTIVITAMINS,MULTIVITAMINS,24179.37
5,B0F94G1PLD,LIVORKA,"(2 PACK) PRESGERA CAPSULES - PRESGERA SUPPLEMENTS PILLS ADVANCED FORMULA FOR WELLNESS & HEALTH SUPPORT, ALL NATURAL PREMIUM VITAMIN NATURAL INGREDIENTS PASTILLAS REVIEWS, 120 CAPSULES FOR 2 MONTHS",HERBAL SUPPLEMENTS,OTHER HERBAL SUPPLEMENTS,
6,B0D9W7H2VN,LA FERMIERE,"LA FERMIERE HIBISCUS RASPBERRY YOGURT, 5.6 OZ",DAIRY FOODS,YOGURT,483.3
7,B0F48YTHV6,ELBBUB,"SILICONESCARSHEETS-(1.6ÂX60Â)SCARTAPEROLLFORC-SECTION,SURGERY,TUMMYTUCK,KELOIDS-INVISIBLE,REUSABLE,MEDICAL-GRADESILICONESCARSTRIPSFORWOMEN&SENSITIVESKIN",FIRST AID,WOUND & SCAR CARE,
8,B0DT98X7C5,GPGP GREENPEOPLE,"GPGPGREENPEOPLEMELATONIN5MGEXTRASTRENGTHADULTEXTRASTRENGTHSUPPLEMENT,SLEEPAIDWITHASHWAGANDHA,SAFFRONLTHEANINE,VALERIANROOT,GABA-120SLEEPINGCAPSULES",SLEEP & SNORING,MEDICINAL SLEEP AIDS,
9,B003W0XMC8,BLUMENTHAL LANSING,BLUMENTHAL BUTTON SHANK REMOVER,FACE SKIN CARE,MAKEUP REMOVERS,
10,B07661Z3YX,DOCTOR'S BEST,"DOCTOR'S BEST HIGH ABSORPTION COQ10 WITH BIOPERINE, GLUTEN FREE, NATURALLY FERMENTED, HEART HEALTH, ENERGY PRODUCTION,100 MG, 120 COUNT",SUPPLEMENTS,ANTIOXIDANTS,
11,B07B5NW3LB,YUABEN,VANTA 112 RAZOR BLACK,MEN'S SHAVING TOOLS,MEN'S REUSABLE RAZORS,
12,B0B9D4MM5Y,YOSOO HEALTH GEAR,"HEARING AID STETHOSCOPE, STETHOSCOPE FOR HEARING AIR DEVICE PROFESSIONAL HIGH CONDUCTIVITY, BINAURAL STETHOSCOPE HEARING AID TESTING STETHOSCOPE HEADPHONE FOR HOME HOSPITAL(DARK BLUE)",HEALTH DIAGNOSTIC & EXAMINATION EQUIPMENT,STETHOSCOPES & ACCESSORIES,
13,B00ORTRKRG,S & J'S TACKLE BOX,1/2 OZ BALL STYLE LEAD DROP SHOT WEIGHTS HAND POURED (100 PER PACK) S & J'S TACKLE BOX,ENERGY DRINKS & SHOTS,ENERGY SHOTS,
14,B0DYYKZJ9P,HEBHAC HERBS,BRAZILIAN YELLOW CLAY POWDER 227 G - NATURAL  COSMETIC CLAY POWDER FOR SKIN CARE FACE MASK  SOAP MAKING,FACE SKIN CARE,FACE & SHEET MASKS,
15,B00JIW5W90,SHOWMAN,SHOWMAN KIDS SIZE 6-PIECE GROOMING KIT (PURPLE),BABY HEALTH & GROOMING,BABY GROOMING & HEALTHCARE KITS,18.95
16,B08249R3DT,WALKINGBELTS,WALKINGBELTS WALKING BELTS LLC - PFTL590140 PROFORM ZT6 TREADMILL RUNNING BELT SAND BLAST +1OZ LUBE,FITNESS EQUIPMENT & ACCESSORIES,TREADMILL ACCESSORIES,129.99
17,B0B6HNQ6ST,MATATA,DOUBLE DONG,SEXUAL WELLNESS,SEX TOYS,
18,B0F3XF36YF,LZHNB,"LUER LOCK SYRINGE 5ML - STERILE DISPOSABLE SYRINGES WITHOUT NEEDLES (50 PACK), INDIVIDUAL SEALED PACKAGING",MEDICAL & HEALTHCARE SUPPLIES,FLUID ADMINISTRATION & COLLECTION,13.99
19,B0DXVBS3CR,SLOWTON,"SLOWTON DOG SURGERY RECOVERY SUIT - SURGICAL ONESIE FOR FEMALE MALE DOGS SPAY NEUTER, SOFT ANTI LICKING DOG RECOVERY BODYSUIT FOR ABDOMINAL WOUNDS CONE ALTERNATIVES(BROWN,L)",PET HEALTH SUPPLIES,PET RECOVERY COLLARS & SUITS,
20,B0DWH2V3X5,BRONSON,"BRONSON ELDERBERRY EXTRA STRENGTH, SUPPORTS HEALTHY IMMUNE SYSTEM & ANTIOXIDANT PROTECTION, NON GMO, 90 VEGETARIAN CAPSULES",HERBAL SUPPLEMENTS,ELDERBERRY HERBAL SUPPLEMENTS,33.72
21,B07534S4HQ,PRAIRIE HORSE SUPPLY,PRECUT KINESIOLOGY TAPE SPORT PRO (20 PRE CUT 10 INCH STRIPS PER ROLL) ATHLETIC RECOVERY MUSCLE SUPPORT PHYSIO THEWRAPEUTIC AID (PURPLE) (SINGLE ROLL),FIRST AID,ATHLETIC & MEDICAL TAPE,
22,B0CLYZV7XF,COMPLETE NATURAL PRODUCTS,"COMPLETE NATURAL PRODUCTS LIVER COMPLETE 16OZ, GALLBLADDER COMPLETE 16OZ & KIDNEY COMPLETE 16OZ BUNDLE",BATH & BODY CARE,BAR SOAPS,
23,B0FD3C138L,HICC PET,"HICC PET NOSE BALM FOR DOG & CAT, VET-RECOMMENDED DOGS SNOUT SOOTHER TO MOISTURIZES REPAIRS SOOTHES DRY CRACKED NOSE - LICK SAFE DOG NOSE DAILY CARE & PROTECTION WITH FERMENTED COCONUT OIL (0.21OZ)",PET HEALTH SUPPLIES,OTHER DOG HEALTH SUPPLIES,7.99
24,B07FJZ92MN,BURMA SPICE,ORRIS ROOT | AROMATIC ROOT | PERFECT FOR MARINATING GAME MEATS LIKE LAMB,SINGLE SPICES,OTHER SPICES,
25,B0F321184C,UMANIA,"12.2 * 1.7 INCH BLACK DOUBLE-ENDED REALISTIC DILDO, SILICONE LONG DOUBLE-HEADED DILDO",SEXUAL WELLNESS,SEX TOYS,
26,B0DSZV5FCW,COLEAZE,"BARKING STOPPER DOG CALMING POWDER FOR ANXIETY & STRESS RELIEF - HELPS NERVOUS DOGS WITH NOISE, THUNDER, TRAVEL & SEPARATION - 60 COUNT (1G PER PACKET) - EASY-MIX CALMING TREATS & CHEWS ALTERNATIVE",PET HEALTH SUPPLIES,PET RELAXANTS,421.65
27,B081LFG6S4,G.S ONLINE STORE,IRIS EYE TISSUE SURGI FORCEPS 4 INCHES 1X2 TEETH STRAIGHT STAINLESS,MEDICAL & HEALTHCARE SUPPLIES,SURGICAL SUPPLIES & TOOLS,
28,B0F7848CK8,TODDMOMY,YOGA COLUMN LEGS WORKOUTS YOGA LOWER BACK HALF FOAM ROLLER MUSCLE BACK ROLLER SUPPORT MUSCLES STICK GYM ROUND LEGS PILATES FITNESS EQUIPMENT BLACK,FITNESS EQUIPMENT & ACCESSORIES,BALANCE TRAINERS,
29,B0FDV4VJGD,DERMAFIRM,DERMAFIRM PEPTOLOGY NIACINAMIDE VITAMIN C AMPOULE - GLASS SKIN WITH 15% NIACINAMIDE BRIGHTENING AMPOULE WITH GLUTATHIONE FOR DARK SPOT CORRECTION & RADIANCE BOOST - KOREAN SKINCARE 30ML,FACE SKIN CARE,OTHER FACE TREATMENTS & CARE,69.12
30,B0CRKNCY5D,HAPPCUCOE,"HAPPCUCOE BEAUTY NAIL SALON PEDICURE STOOL HEIGHT LENGTH ADJUSTABLE,PORTABLE SPA PEDICURE STOOL FOOT REST STOOL FOR BEAUTY SALONS,SPA (BLACK)",SALON & SPA EQUIPMENT,SALON CHAIRS & STOOLS,156.0
31,B077XK525F,URENUS,"ABROTANUM 6C HOMEOPATHIC REMEDY, URENUS",ALTERNATIVE MEDICINE,SINGLE HOMEOPATHIC REMEDIES,223.82
32,B0DXX8PSYY,HEMP NATURAL,REVITALIZINGWHIPPEDHEMPTALLOWÂGRASS-FED&GRASS-FINISHEDTALLOWBALMWITHBERGAMOT&PATCHOULIÂHYDRATINGFACE&BODYMOISTURIZERWITHORGANICHEMPSEED&COCONUTOILÂALL-NATURALSKINCARE,BATH & BODY CARE,BODY BUTTERS,
33,B0FD41XD7D,CHEWIA,"NO POO CHEWS FOR DOGS - COPROPHAGIA DETERRENT - DOG PROBIOTICS FOR DIGESTIVE HEALTH WITH ENZYMES - CANINE STOOL EATING DETERRENT - DIGESTIVE, DENTAL, GUT & IMMUNE HEALTH TREATS - NO POOP EATING",PET HEALTH SUPPLIES,DOG DIGESTIVE REMEDIES,16896.73
34,B0F2JNBG5Z,MUSE APOTHECARY,"MUSE APOTHECARY PILLOW RITUAL - AROMATIC, CALMING AND RELAXING PILLOW MIST, LINEN AND FABRIC SPRAY - INFUSED WITH NATURAL AROMATHERAPY ESSENTIAL OILS - 8 OZ, FRESH SNOW, 2 PACK",ALTERNATIVE MEDICINE,AROMATHERAPY & ESSENTIAL OILS,
35,B0FD1WF2HJ,NUTRICOST,"NUTRICOST RED CLOVER BLOSSOMS SUPPLEMENT (5000 MG EQUIVALENT) 120 CAPSULES - RED CLOVER EXTRACT, VEGAN",HERBAL SUPPLEMENTS,OTHER HERBAL SUPPLEMENTS,342.0
36,B0DSBQKLFL,ZJCHAO,OUTDOOR SOLAR ENERGY BUDDHIST MUSIC PLAYER 53 IN 1 MACHINE RAIN PROOF (RED),ALTERNATIVE MEDICINE,SOUND THERAPY & TUNING FORKS,
37,B0F79V21TG,ARCADIAN,"BLACK RIVER BARBERSHOP X MATTE CREAM  PREMIUM MEN'S HAIR STYLING CREAM  MEDIUM HOLD, NATURAL MATTE FINISH, LIGHTWEIGHT TEXTURE  WATER-BASED FORMULA, EASY WASH OUT  4 OZ",HAIR STYLING PRODUCTS,HAIR STYLING CREAMS & SPRAYS,
38,B08RMLXQFR,YANKEE CANDLE,SCENTLIGHT REFILL - CHRISTMAS COOKIE,ALTERNATIVE MEDICINE,AROMATHERAPY & ESSENTIAL OILS,
39,B0CS6J2YW7,FINCOME,"INFLATABLE BOUNCE HOUSE FOR KIDS, WHITE BOUNCE HOUSE WITH SLIDE, JUMPING BOUNCY CASTLE FOR KIDS BIRTHDAY PARTY, WEDDING, BACKYARD INDOOR/OUTDOOR PURPLE (WITH BLOWER)",PLAY EQUIPMENT,INFLATABLE BOUNCERS,7181.73
40,B08C5NX1ML,KOH-KAE,"KOH-KAE COFFEE FLAVOR COATED PEANUTS, (3 PACK, TOTAL OF 690G)",NUTS & SEEDS,PEANUTS,
41,B083JP1G11,BACC OFF,"BACCOFF, PREMIUM FLAVORED COFFEE POUCHES, NO TOBACCO DIP, NO NICOTINE SMOKELESS ALTERNATIVE SNUFF, 50 MG OF CAFFEINE PER SERVING, VANILLA (5 CANS)",ENERGY SUPPLEMENTS,ENERGY CHEWS & GELS,584.78
42,B0C173H9J3,ZBX,"ZBX 30 PIECES LASH SHAMPOO BRUSHES EYELASH EXTENSIONS, NOSE PORE DEEP CLEANING BRUSH PEEL OFF BLACKHEAD REMOVING BRUSH TOOL COSMETIC FACIAL CLEANSING BRUSHES LASH CLEANSER BRUSH (A-SILVER-BACK)",SKIN CARE TOOLS & ACCESSORIES,FACE CLEANSING TOOLS,
43,B0DQQFHBNJ,SAKI SHEARS,"SAKI KOHANA DAMASCUS STEEL HAIR CUTTING SHEARS, 61-63 HRC HARDNESS, JAPANESE CONVEX BLADE",SALON & SPA EQUIPMENT,HAIR CUTTING TOOLS,684.0
44,B00X4PDXPW,GREENHEALTH,BLOODORANGEESSENTIALOIL8FLOZ(237ML)ALUMINUMBOTTLEW/PLUGCAP100%PUREESSENTIALOILGREENHEALTH,ALTERNATIVE MEDICINE,AROMATHERAPY & ESSENTIAL OILS,6636.48
45,B0FF4D1YD8,SHEGLAM,"SHEGLAMSTRONGHOLDEDGECONTROLGELÂNONÂGREASY,WATERÂRESISTANT,NOFLAKESORWHITECASTÂINFUSEDWITHCASTOR,JOJOBA&CAMELLIAOILSÂCRANBERRYSCENTÂSLEEKEDGES&FRIZZCONTROLÂ2.5FLOZ",HAIR STYLING PRODUCTS,"HAIR GELS, POMADE & WAXES",8.99
46,B0DGGQ3XL8,TANTALY,TANTALY 40.3 LB SEX DOLL FOR MEN LIFE SIZE LOVE DOLL WITH 3D 3 IN 1 TIGHT VAGINAL ANAL BREAST LIFELIKE BIG BOOBS AND BUTT FOR ADULT SEX TOY MALE MASTURBATOR FOR MEN REALISTIC MONICA (WHEAT) 2.0,SEXUAL WELLNESS,SEX TOYS,
47,B0F9CNJ4PF,LITTLE SQUIRT SYRUP PUMP,"COFFEE SYRUP, ALMOND ORGEAT FLAVORED SYRUP FOR DRINKS, PUMP INCLUDED, 25.4 FL OZ",BEVERAGE MIXERS & ADDITIVES,FLAVORED SYRUPS,
48,B0FDH4WMJY,IDEAL PERFORMANCE,"BLOOD FLOW SUPPLEMENT CAPSULES, OFFICIAL BLOODFLOW ADVANCED BLOOD FORMULA SUPPLEMENT PILLS - MAXIMUM STRENGTH, ALL NATURAL HEALTHY CIRCULATION & STABLE LEVELS, BLOOD FLOW HEALTH REVIEWS (2 PACK)",SUPPLEMENTS,OTHER DIETARY SUPPLEMENTS,49.95
49,B07DNTYN7D,G.S ONLINE STORE,G.S PACK OF 12 DISSECTING DISSECTION TEASING NEEDLE STRAIGHT BEST QUALITY,MEDICAL & HEALTHCARE SUPPLIES,SURGICAL SUPPLIES & TOOLS,87.5
50,B0DQFBTG4K,EKKOVISION,"PROTEIN POWDER, BROWNIE BATTER FLAVOR, 25 G WHEY PROTEIN PER SCOOP, LOW LACTOSE, HIGH PROTEIN FOR MEN & WOMEN WITH ACTIVE LIFESTYLES, PERFECT FOR SHAKES, SMOOTHIES, AND RECIPES, 30 SERVINGS",PROTEIN,WHEY PROTEIN,3331.32
51,B0785GPGXM,URENUS,"SPIGELIA 200C HOMEOPATHIC REMEDY, URENUS",ALTERNATIVE MEDICINE,SINGLE HOMEOPATHIC REMEDIES,11.99
52,B0D5R231NR,WORMHOLE TATTOO,WORMHOLE TATTOO CARTRIDGE NEEDLES 13RM NEEDLE CARTRIDGE #12 STANDARD 13 ROUND MAGNUM TATTOO NEEDLES 20PCS DISPOSABLE FINGER LEDGE CARTRIDGES 3.5MM TAPER FOR TATTOO GUN TATTOO SUPPLIES 1213RM,SALON & SPA EQUIPMENT,PIERCING & TATTOO SUPPLIES,
53,B0DCG6HDHM,FLYCOCO,"FLYCOCO 99% FULLY BLOCK OUT LIGHT EYE SLEEP MASK, 3D DEEP CONTOURED EYES COVER ZERO PRESSURE, LONG LASH EXTENSION EYES MASK WITH ADJUSTABLE STRAPS FOR SLEEPING TRAVEL HOME NAP REST WOMEN MEN (ROSE)",SLEEP & SNORING,SLEEPING MASKS,1358.51
54,B0FFHS6LJ7,NUTRICOST,"NUTRICOST NOPAL CACTUS (2000MG) 180 VEGAN CAPSULES - PRICKLY PEAR CACTUS, 60 SERVINGS",HERBAL SUPPLEMENTS,OTHER HERBAL SUPPLEMENTS,767.52
55,B0DM63Y1QR,NOAVII,"CREATINE MONOHYDRATE GUMMIES 5000MG FOR MEN & WOMEN, CHEWABLES CREATINE MONOHYDRATE FOR MUSCLE STRENGTH, MUSCLE BUILDER, ENERGY BOOST, PRE-WORKOUT SUPPLEMENT-180 PINEAPPLE GUMMIES",AMINO ACIDS,CREATINE AMINO ACIDS,
56,B0F79VBBDD,BLACK CANYON HOME AND BODY,"BLACK CANYON FRANKINCENSE & GOLDEN MYRRH SCENTED BODY WASH, 16 OZ",BATH & BODY CARE,BODY WASHES & SHOWER GELS,74.91
57,B0CC1Z9H9J,POND'S,PACK OF 4 - POND'S SANDAL TALCUM POWDER -15G,BATH & BODY CARE,ANTI-CHAFING PRODUCTS,2925.88
58,B0F3QJ841K,FORCE FACTOR,"FORCE FACTOR ULTIMATE MAGNESIUM SUPPLEMENT, 330MG MAGNESIUM GLYCINATE & MAGNESIUM CITRATE, LIKE MAGNESIUM GUMMIES, SUPPORT CALM, RELAXATION, VEGAN & GLUTEN FREE, MIXED BERRY FLAVOR, 60 SOFT CHEWS",MINERALS,MAGNESIUM SUPPLEMENTS,
59,B08XMRQM8F,JUVENESCENCE,JUVENESCENCE METABOLIC SWITCH KETONE DRINK - C6 KETONE DI-ESTER (3 COUNT) - SWITCH ON KETOSIS - BHB,WEIGHT GAIN & LOSS SUPPLEMENTS,OTHER THERMOGENICS SUPPLEMENTS,4127.94
60,B07SLC4F3Q,PLANTERS,"PLANTERS CASHEWS, SALTED, 1.5 OUNCE SINGLE SERVE BAG, 72 BAGS TOTAL",NUTS & SEEDS,CASHEWS,
61,B07BZT4NR7,EARTHBORN ELEMENTS,"EARTHBORN ELEMENTS DIATOMACEOUS EARTH (1 GALLON), RESEALABLE BUCKET, PURE FRESHWATER AMORPHOUS SILICA",MINERALS,TRACE MINERALS,
62,B0CGB15Y1B,VAKLY,"16 OZ GRADUATED PAPER CUPS - LARGE DISPOSABLE WAX COATED MEDICINE CUPS WITH CLEAR MEASUREMENTS ON EACH CUP FOR MEASURING FLUID INTAKE AND URINE OUTPUT AS WELL AS COOKING, MIXING PAINT, STAIN, EPOXY",MEDICAL & HEALTHCARE SUPPLIES,FLUID ADMINISTRATION & COLLECTION,
63,B0D73JWQSJ,NUTRARIZE,"(2 PACK) NEW VIDA KETO GUMMIES, NEWVIDA KETO ACV GUMMIES, NEW VITA ACV KETO SUPPORT SUPPLEMENT, ALL NATURAL APPLE CIDER VINEGAR 1000MG, NEW KETO VITAMINS, OFFICIAL NEW VIDA REVIEWS (120 GUMMIES)",WEIGHT GAIN & LOSS SUPPLEMENTS,WEIGHT LOSS SUPPLEMENTS,149.82
64,B0FBMFX7TK,THERAFLU,"THERAFLU SEVERE CONGESTION RELIEF NASAL MIST, 0.34 FL OZ","ALLERGY, SINUS & ASTHMA",SINUS MEDICINE,335.58
65,B0DTKRM9SG,SACATR,"PURE ESSENTIAL OILS SET - 36 SCENTS FOR AROMATHERAPY, DIFFUSER, MASSAGE & DIY (5ML EACH)",ALTERNATIVE MEDICINE,AROMATHERAPY & ESSENTIAL OILS,
66,B0CGVWMH91,RILLVO,(5 PACK) BIOBLEND HEMP GUMMIES ADVANCED FORMULA BIO BLEND PURE HEMP EXTRACT SHARK PERFORMANCE GUMMYS TANK SUPPORT SUPPLEMENT MEN WOMEN (300 GUMMIES),ALTERNATIVE MEDICINE,HEMP THERAPY PRODUCTS,
67,B0DSQMLMZ7,WELLAH,"PROTEIN YOUR WHEY (30 SERVINGS, CHAI FLAVORED) - WHEY PROTEIN ISOLATE",PROTEIN,WHEY PROTEIN,759.81
68,B0D7VVDC9M,RESCUE GUARD,RESCUE GUARD EMERGENCY BLANKET PARENT,HIKING SAFETY & SURVIVAL,HIKING EMERGENCY BLANKETS,25986.75
69,B0D2XJSVGR,SILICHERRY,SILICHERRY 4 PAIRS COTTON SOFT ECZEMA SOCKS BLACK HYDRATING MOISTURIZING THERAPY COTTON SOCKS ECZEMA RELIEF FOR ADULT WET WRAP NON ITCH SOFT FEET TREATMENT,BATH & BODY CARE,ECZEMA PSORIASIS & ROSACEA CARE,1196.76
70,B0BH6FHLHM,QUALITY CHOICE,QUALITY CHOICE ADVANCED PROBIOTIC - ULTRA POTENCY - DIGESTIVE AND IMMUNE SUPPORT - DIETARY SUPPLEMENT IN 60 COUNT BOTTLES OF CAPSULES (3 PACK),SUPPLEMENTS,PROBIOTICS,
71,B0DN2YNDNP,LUNAKAI,"LUNAKAIUSAMADESUPERMUSHROOMGUMMIESFORADULTSÂ10-IN-1ADAPTOGENICMUSHROOMSUPPLEMENTWITHLION'SMANE-FOCUS&BRAINSUPPORT,60CT",HERBAL SUPPLEMENTS,MUSHROOMS HERBAL SUPPLEMENTS,
72,B0BKXSF3ZN,SHARONDS,6 INCH 440C PURPLE PROFESSIONAL HAIRDRESSING SCISSORS BARBER SHOP HAIRDRESSER HAIR CUTTING AND THINNING TOOL (FULL SET) (6 INCH THINNING),SALON & SPA EQUIPMENT,HAIR CUTTING TOOLS,
73,B0BD74DHWZ,MRWIZMS,"PLAYHOUSE COVER, 420D OXFORD OUTDOOR PLAYHOUSE COVERS 48 L X 67 W X 64 H WATERPROOF UV-PROOF AND DUST-PROOF, COVER FOR OUTDOOR KIDS PLAYHOUSE",PLAY EQUIPMENT,PLAYHOUSES,2259.54
74,B0F1DY5YC5,THE PERFECT PART,"THE PERFECT PART HEAD SHAVER - 5 IN 1 ELECTRIC HEAD SHAVER RAZOR FOR MEN WITH DIGITAL DISPLAY DETACHABLE BEARD & NOSE TRIMMER, IPX7 WATERPROOF MEN'S GROOMING KIT, CORDLESS RECHARGEABLE ELECTRIC RAZOR",MEN'S SHAVING TOOLS,MEN'S SHAVING & GROOMING SETS,69.41
75,B0F293JPVV,IPETBOOM,"IPETBOOM ACUPRESSURE HEADBAND, ACUPRESSURE WRAP BELT HEADBAND FOR MUSCLE RELAXATION, FACIAL SKIN LIFT UP AND CHIN UP BELT HEADBAND FOR NECK HEAD MUSCLE STRESS RELAXATION MEDITATION",ALTERNATIVE MEDICINE,ACUPRESSURE & ACUPUNCTURE SUPPLIES,
76,B0F1DB7T64,PATIKIL,"PATIKIL 5.5 YARD X 3 INCH KINESIOLOGY TAPE, 3 ROLL ADHESIVE COTTON SPORTS MUSCLE SUPPORT TAPES WATERPROOF ELASTIC TAPE FOR KNEE ANKLE WRIST SHOULDER, LIGHT BLUE/GREEN/PINK",FIRST AID,ATHLETIC & MEDICAL TAPE,
77,B01M72N45A,ODONTOMED2011,"ODONTOMED2011ÂOTOSCOPESETENTINSTRUMENTSWITH,2FREEBULB,FREECARRYINGCASE,LOTOFEXTRAQUALITYINSTRUMENTS",MEDICAL & HEALTHCARE SUPPLIES,EXAMINATION SUPPLIES & CONSUMABLES,
78,B0F69PMFS4,MAGNA,"MAGNA ELECTROLYTE POWDER DRINK MIX, HYDRATION, ENERGY & FOCUS SUPPORT WITH MAGNESIUM L THREONATE, MALATE & GLYCINATE, SODIUM, POTASSIUM, VITAMIN D, B6 & B12, 3 FLAVOR VARIETY PACK, 28 SRVGS PER PACK",BEVERAGE MIXERS & ADDITIVES,ELECTROLYTE DRINK MIXES,
79,B0F2F7H3R6,ENASKIN,DARK SPOT REMOVER FOR FACE AND BODY: HYPERPIGMENTATION TREATMENT - NATURAL INGREDIENT - FRECKLE/MELASMA/SUN SPOT/AGE SPOT REMOVER - DARK SPOT CORRECTOR CREAM FOR WOMEN AND MEN,FACE SKIN CARE,ACNE & BLEMISH TREATMENTS,
80,B0CR4JHJF6,MASTER MASSAGE EQUIPMENT,MASTER MASSAGE EXTRA WIDE 31 SPAMASTER STATIONARY MASSAGE TABLE PHYSICAL THERAPY SALON BEAUTY LASH CHIROPRACTIC BED-AESTHETIC SPA FACIAL MEDICAL TREATMENT TATTOO BED WITH SHELF IN MUSHROOM,SALON & SPA EQUIPMENT,PROFESSIONAL MASSAGE EQUIPMENT,3433.7
81,B0DZHBRK94,YBEAUTY,"PROFESSIONAL MICROBLADING TATTOO GUN KIT, WIRELESS EYEBROW TATTOO PEN MACHINE KITS, COMPLETE MICROBLADING SUPPLIES WITH 2PCS 500 MAH BATTERY, 20PCS CARTRIDGE NEEDLES FOR ARTISTS",SALON & SPA EQUIPMENT,PIERCING & TATTOO SUPPLIES,
82,B07GJL3RBD,WYNDMERE,WYNDMERE NATURALS ESSENTIAL OIL LAVANDIN ~ CERTIFIED ORGANIC ~ 10ML (1/3 OZ),ALTERNATIVE MEDICINE,AROMATHERAPY PRODUCTS & SUPPLIES,
83,B0F7C9DWG6,FENTY BEAUTY,FENTY HAIR THE COMEBACK KID INSTANT DAMAGE TREATMENT - 150 ML / 5 FL OZ,HAIR TREATMENTS,OTHER HAIR TREATMENTS,
84,B086RYBTBF,A2Z SCILAB,"SUPERCUT LISTER BANDAGE SCISSORS, WITH ONE SERRATED BLADE AND GOLD RINGS - PERFECT FOR EMT PARAMEDICS, FIRST AID RESPONDERS STAINLESS STEEL (4.5 INCH)",MEDICAL & HEALTHCARE SUPPLIES,SURGICAL SUPPLIES & TOOLS,
85,B07VN5QTWG,ODONTOMED2011,ODONTOMED2011 NAVY BLUE PVC INSULATED GRIP HANDLE STAINLESS MOSQUITO HEMOSTAT LOCKING FORCEPS STRAIGHT 5 SERRATED CLAMP FISHING TOOLS ODM,MEDICAL & HEALTHCARE SUPPLIES,SURGICAL SUPPLIES & TOOLS,
86,B088FFV6YV,HEALTHYHEY ORGANIC,"HEALTHYHEY ORGANIC SPIRULINA POWDER MICRO SUPERFOOD, RICH IN PROTEIN, VITAMINS & MINERALS 100 G (PACK OF 1)",SUPPLEMENTS,SUPERFOODS,
87,B0D2M79C6Y,NUTRARIZE,"NUTRARIZE (2 PACK) PRONERVE6 NEUROPATHY, PRONERVE 6 NERVE SUPPORT SUPPLEMENT, PRO NERVE 6 CAPSULES, PRONERVE6 PASTILLAS REVIEWS (120 CAPSULES)",SUPPLEMENTS,OTHER DIETARY SUPPLEMENTS,4454.87
88,B0F8PB7N9H,CALEXOTICS,CALEXOTICS SIZE QUEEN DILDO 12 INCH,SEXUAL WELLNESS,SEX TOYS,
89,B08BGWRSX2,K&H PET PRODUCTS,K&H PET PRODUCTS MOTHER'S HEARTBEAT CALMING DOG TOY BONE PILLOW GRAY MEDIUM BREED HEARTBEAT 10 INCH,PET HEALTH SUPPLIES,PET RELAXANTS,
90,B0DNFN8T7Q,HINZIC,"HINZIC 2PCS NATURAL DIMPLE MAKERS, FACIAL MUSCLE DIMPLE TRAINER, PINK EXERCISER LIFT TOOLS FOR WOMEN BEAUTIFUL SMILE",SKIN CARE TOOLS & ACCESSORIES,OTHER SKIN CARE TOOLS & ACCESSORIES,9.78
91,B0DB8J22CB,JJSHUND,"6 PCS RESISTANCE BANDS FOR WORKING OUT, EXERCISE LOOP BANDS FOR WOMEN AND MEN, ELASTIC STRETCH BANDS WORKOUT BANDS FOR YOGA PILATES FITNESS HOME GYM BODY STRETCHING BOOTY LEGS STRENGTH TRAINING",FITNESS EQUIPMENT & ACCESSORIES,EXERCISE BANDS,316.19
92,B0D93N7GZM,OH MY CHEWY,"CENTER-FILLED MAGNESIUM GLYCINATE GUMMIES 400MG - HIGH ABSORPTION FOR KIDS, TEENS & ADULTS - SUPPLEMENT FOR SLEEP, CALM & MUSCLE RELAXATION WITH B6 & D3 - GLUTEN FREE & VEGAN FRIENDLY - 120 COUNT",MINERALS,MAGNESIUM SUPPLEMENTS,14560.83
93,B0F3VLXJ42,HERBALIFE NUTRITION,"HERBALIFE NUTRITION PERSONALIZED PROTEIN POWDER, HEALTH SUPPLEMENT FOR ADULTS (200 GRAM, UNFLAVORED)",PROTEIN,PROTEIN POWDER BLENDS,
94,B0FDB59YWX,WREWING,"FACIAL CLEANSING BRUSH, 3IN1 SILICONE FACE SCRUBBER, WATERPROOF FACIAL SCRUBBER FOR DEEP CLEANSING, RECHARGEABLE FACE EXFOLIATION BRUSH WITH 2 ADJUSTABLE SPEEDS, FACE SPIN BRUSH FOR WOMEN MEN (PINK)",SKIN CARE TOOLS & ACCESSORIES,SKIN CARE DEVICES,81.86
95,B09SD3F2XN,CESSBONG,INFLATABLE WHITE BOUNCE HOUSE WITH AIR BLOWER (COMMERCIAL GRADE 15X15X12FT CASTLE),PLAY EQUIPMENT,INFLATABLE BOUNCERS,
96,B0B4MBM3D6,SECRETS OF THE TRIBE,"SECRETS OF THE TRIBE TRIBAL COUGH EASE ALCOHOL-FREE EXTRACT, HIGH-POTENCY HERBAL DROPS, TINCTURE MADE FROM LOBELIA, CINNAMON, PEPPERMINT, GINGER, ELDERBERRY, SLIPPERY ELM. COUGH FORMULA 2 OZ",COUGH & COLD,COUGH DROPS & LOZENGES,47.98
97,B0FC4GYHK5,VIVALIS,"VITTABURNLIQUIDDROPSÂNATURALENERGY&WELLNESSBOOSTER,PREMIUMHERBALFORMULA",HERBAL SUPPLEMENTS,OTHER HERBAL SUPPLEMENTS,86.1
98,B0D5Z131HZ,YOTANGO,"4 PACK FLEA COLLAR FOR DOGS, DOG FLEA COLLAR WATERPROOF, 32 MONTHS PREVENTION, DOG FLEAS AND TICK TREATMENT, ADJUSTABLE FLEAS AND TICK PROTECTION FOR DOGS PUPPY(BLUE & PINK)","PET FLEA, TICK & WORM CONTROL",DOG FLEA & TICK COLLARS,55274.74
99,B09Z1F981N,MIXHERS,MIXHERS HERHYDRATION  ELECTROLYTES POWDER PACKETS 15 HYDRATION PACKETS  SUGAR FREE BLUEBERRY COCONUT,BEVERAGE MIXERS & ADDITIVES,ELECTROLYTE DRINK MIXES,
100,B0D2L5D3QB,NUTRARIZE,"NANO DEFENSE PRO SUPPLEMENT, (OFFICIAL) NANO DEFENSE PRO ADVANCED NAIL SUPPORT CAPSULES, NANO DEFENSE PRO PILLS FOR HEALTHY FINGERNAILS AND NAIL GROWTH, NANO DEFENSEPRO REVIEWS (60 CAPSULES)",WEIGHT GAIN & LOSS SUPPLEMENTS,WEIGHT LOSS SUPPLEMENTS,111.8
