subcategory,asin,brand,title
intimate moisturizers,B00RLGOBM4,at last naturals,at last naturals vaginal moisturizer gel 1.5 oz plant based with wild yam and vitamin e helps restore moisture and ph balance for feminine care paraben free non greasy long lasting hydration 1 pack
intimate moisturizers,B00T2DE6OM,good clean love,"goodcleanloverestoreâ,moisturizingvaginalgel,2floz(59ml)"
intimate moisturizers,B0C13PZBV1,terramed just think comfort,hydro gyn vaginal moisturizer  long lasting for vaginal dryness & irritation  hyaluronic acid & vitamin e  feminine care hormone free  pre and post menopausal  3 pre filled applicators
intimate moisturizers,B0DX8541Q6,aloe cadabra,"aloe cadabra vaginal moisturizer, ph-balanced, water-based & 95% aloe vera, reduce dryness, discomfort, versatile uses (2.5 fl oz (3 pack), unscented)"
intimate moisturizers,B0DX8K2FXG,aloe cadabra,"aloe cadabra vaginal moisturizer, ph-balanced, water-based & 95% aloe vera, reduce dryness, discomfort, versatile uses (2.5 fl oz (2 pack), unscented)"
intimate moisturizers,B0DX8KSKH3,aloe cadabra,"aloe cadabra vaginal moisturizer, ph-balanced, water-based & 95% aloe vera, reduce dryness, discomfort, versatile uses (2.5 fl oz (5 pack), unscented)"
intimate moisturizers,B0DYKB4NSJ,aloe cadabra,"aloe cadabra vaginal moisturizer, ph-balanced, water-based & 95% aloe vera, reduce dryness, discomfort, versatile uses (5.5, natural aloe)"
intimate moisturizers,B0F1TVMCS2,procure,"procure vulva balm, 1.23 oz, intimate moisturizer with vitamin e & coconut oil, ph balance support and hormone free for feminine care and menopause support."
intimate moisturizers,B0F7LT27M1,jalan,"jalanvaginaltighteningcreamâvaginalmoisturizergelhydratingformulawithcollagen,rosewater&birchsap,prefilledapplicatorsforskinelasticity&comfort-6countkit"
intimate moisturizers,B0F8ZTK8WF,vigority,"vigority premium vaginal moisturizer gel - with hyaluronic acid long lasting relief for vaginal dryness, irritation & discomfort - 10 pre-filled single-use applicators (3g each)"
intimate moisturizers,B0FH37S2ZZ,neueve,"neuevesalvegentleâexternalvaginalmoisturizerforwomenover70,hormone-freeintimateskincare,20gjar"
wildlife encounter protection,B07RYJHW53,four brothers,four brothers 3/4 inch (0.75) chrome steel ball bearings for a paracord knot center (pack of 10)
